,prediction
0,1.0851571559906006
1,1.90308678150177
2,1.279972791671753
3,0.7817140817642212
4,2.411235809326172
5,2.2191712856292725
6,2.089249610900879
7,1.4873266220092773
8,0.979983925819397
9,0.33661049604415894
10,0.13301992416381836
11,0.13301992416381836
12,0.13301992416381836
13,0.13301992416381836
14,0.13301992416381836
15,0.13301992416381836
16,0.13301992416381836
17,1.599190354347229
18,1.1393442153930664
19,0.4506548345088959
20,0.21965155005455017
21,0.13301992416381836
22,0.13301992416381836
23,0.29936483502388
24,1.2794101238250732
25,1.4288394451141357
26,3.366668701171875
27,2.6127829551696777
28,1.8873125314712524
29,1.1556987762451172
30,1.0664021968841553
31,0.8204012513160706
32,0.9180749654769897
33,2.794764995574951
34,3.688905715942383
35,2.9832282066345215
36,4.048060417175293
37,2.6287713050842285
38,0.5472836494445801
39,0.13301992416381836
40,0.13301992416381836
41,0.13301992416381836
42,1.1914724111557007
43,1.5992891788482666
44,1.988162875175476
45,3.0938265323638916
46,2.464839220046997
47,1.7109811305999756
48,1.1943347454071045
49,2.5993731021881104
50,3.2744061946868896
51,2.4118471145629883
52,1.4124608039855957
53,1.2828879356384277
54,0.6289234757423401
55,0.6388123631477356
56,0.3503352999687195
57,0.13301992416381836
58,0.13301992416381836
59,0.13301992416381836
60,0.13301992416381836
61,0.33520594239234924
62,0.22466158866882324
63,0.2893543839454651
64,0.3365256190299988
65,2.0556416511535645
66,3.9708988666534424
67,3.472050189971924
68,2.1112301349639893
69,2.290416717529297
70,2.47231125831604
71,3.1195883750915527
72,4.820048809051514
73,5.4247260093688965
74,5.1371541023254395
75,3.656827926635742
76,3.906492233276367
77,2.3824000358581543
78,0.9747478365898132
79,0.5713424682617188
80,2.057892322540283
81,1.479427695274353
82,2.7157349586486816
83,3.759284019470215
84,2.2723448276519775
85,1.8474055528640747
86,2.5642216205596924
87,2.8448448181152344
88,2.205383062362671
89,1.6445947885513306
90,2.7974820137023926
91,2.801866292953491
92,1.444257140159607
93,1.722915530204773
94,2.4046993255615234
95,1.3485305309295654
96,1.3877637386322021
97,2.535715341567993
98,1.5500847101211548
99,0.8995804190635681
100,2.1571788787841797
101,1.4502754211425781
102,0.13301992416381836
103,0.13301992416381836
104,0.13301992416381836
105,0.13301992416381836
106,0.13301992416381836
107,0.13301992416381836
108,0.13301992416381836
109,0.13301992416381836
110,0.13301992416381836
111,0.13301992416381836
112,0.13301992416381836
113,0.13301992416381836
114,0.13301992416381836
115,0.4212670922279358
116,4.512815475463867
117,3.3125598430633545
118,1.524145245552063
119,0.9360480904579163
120,0.34795069694519043
121,0.13301992416381836
122,0.13301992416381836
123,0.13301992416381836
124,0.13301992416381836
125,0.13301992416381836
126,0.13301992416381836
127,0.14122140407562256
128,0.13301992416381836
129,0.13301992416381836
130,1.719078540802002
131,1.2060503959655762
132,0.45990049839019775
133,0.2268407940864563
134,0.6464440822601318
135,0.30357396602630615
136,2.2030768394470215
137,4.520026683807373
138,4.782966136932373
139,3.5553438663482666
140,1.9995545148849487
141,0.8814772963523865
142,0.1719386726617813
143,0.13301992416381836
144,0.13301992416381836
145,0.13301992416381836
146,0.13301992416381836
147,0.24220755696296692
148,0.15415218472480774
149,0.6522493958473206
150,1.7522567510604858
151,1.1598529815673828
152,0.9882056713104248
153,1.9171056747436523
154,2.989217519760132
155,3.5212864875793457
156,2.2233240604400635
157,1.6459981203079224
158,1.2048238515853882
159,0.9880185723304749
160,1.0131807327270508
161,0.7626330852508545
162,3.048340082168579
163,2.759035587310791
164,1.4603351354599
165,1.2782596349716187
166,0.13301992416381836
167,0.13301992416381836
168,0.13301992416381836
169,0.13301992416381836
170,0.13301992416381836
171,0.13301992416381836
172,0.13301992416381836
173,1.7481704950332642
174,1.9790652990341187
175,1.3747453689575195
176,1.053306221961975
177,2.8095943927764893
178,1.8065797090530396
179,0.7316030263900757
180,0.38313740491867065
181,0.13301992416381836
182,0.13301992416381836
183,0.13301992416381836
184,0.13301992416381836
185,0.2429547905921936
186,0.13301992416381836
187,0.13301992416381836
188,1.23526132106781
189,0.8358193039894104
190,0.26692020893096924
191,0.13301992416381836
192,0.13301992416381836
193,0.13301992416381836
194,0.13301992416381836
195,0.13301992416381836
196,0.13301992416381836
197,0.13301992416381836
198,0.8072409629821777
199,0.9760526418685913
200,2.234773874282837
201,4.5762248039245605
202,4.529860973358154
203,2.685154914855957
204,1.366153597831726
205,0.5477259159088135
206,0.6204971075057983
207,1.7260476350784302
208,1.4784977436065674
209,2.454500675201416
210,1.5858135223388672
211,0.5866495370864868
212,0.13301992416381836
213,0.13301992416381836
214,0.13301992416381836
215,0.13301992416381836
216,0.13301992416381836
217,0.13301992416381836
218,0.13301992416381836
219,0.13301992416381836
220,0.13301992416381836
221,0.13301992416381836
222,0.13301992416381836
223,0.26573866605758667
224,0.13301992416381836
225,0.13301992416381836
226,0.13301992416381836
227,0.16806577146053314
228,0.13301992416381836
229,0.38969743251800537
230,0.265166699886322
231,0.5262243747711182
232,0.36519771814346313
233,0.13301992416381836
234,0.13301992416381836
235,0.13301992416381836
236,0.13301992416381836
237,0.13301992416381836
238,0.13301992416381836
239,0.13301992416381836
240,0.13301992416381836
241,0.13301992416381836
242,0.13301992416381836
243,0.13301992416381836
244,0.13301992416381836
245,0.13301992416381836
246,0.13301992416381836
247,0.13301992416381836
248,0.13301992416381836
249,0.13301992416381836
250,0.13301992416381836
251,0.13301992416381836
252,0.13301992416381836
253,0.13301992416381836
254,0.13301992416381836
255,0.13301992416381836
256,0.13301992416381836
257,0.13301992416381836
258,0.13301992416381836
259,0.13301992416381836
260,0.13301992416381836
261,0.13301992416381836
262,2.263117790222168
263,2.909287452697754
264,1.5333526134490967
265,2.067930221557617
266,4.156800746917725
267,2.9410030841827393
268,2.932917594909668
269,3.4372451305389404
270,1.9002783298492432
271,0.6782968044281006
272,0.22763404250144958
273,0.13301992416381836
274,3.017441511154175
275,3.2496776580810547
276,1.7248342037200928
277,0.8699581623077393
278,0.34496498107910156
279,0.2053232491016388
280,0.4061955213546753
281,0.6556409597396851
282,2.7655181884765625
283,1.8526854515075684
284,2.1158783435821533
285,1.5479977130889893
286,0.41377362608909607
287,0.13301992416381836
288,0.13301992416381836
289,0.13301992416381836
290,0.13301992416381836
291,0.13301992416381836
292,0.13301992416381836
293,0.13301992416381836
294,3.99245548248291
295,3.112401008605957
296,1.53659987449646
297,0.5132153034210205
298,0.13301992416381836
299,0.13301992416381836
300,0.13301992416381836
301,0.13301992416381836
302,2.7505831718444824
303,4.175246238708496
304,5.665164470672607
305,3.9209370613098145
306,3.374856948852539
307,3.5568668842315674
308,5.486084938049316
309,5.0209527015686035
310,5.432731628417969
311,4.57540225982666
312,4.820004940032959
313,3.9120285511016846
314,6.5144453048706055
315,6.63804817199707
316,4.945842742919922
317,2.880775213241577
318,2.4695217609405518
319,2.5448014736175537
320,3.4494211673736572
321,7.002303123474121
322,8.677604675292969
323,6.552684307098389
324,6.985575199127197
325,5.905780792236328
326,2.4115488529205322
327,1.1729586124420166
328,0.2854233980178833
329,0.13301992416381836
330,0.13301992416381836
331,0.13301992416381836
332,0.13301992416381836
333,1.5985323190689087
334,4.787088871002197
335,3.5314700603485107
336,2.0227274894714355
337,4.376479148864746
338,4.676176071166992
339,3.694472551345825
340,2.3017160892486572
341,2.6347477436065674
342,3.7018930912017822
343,4.727869987487793
344,4.66060209274292
345,2.7928781509399414
346,1.2486927509307861
347,0.40914642810821533
348,0.13301992416381836
349,0.13301992416381836
350,0.13301992416381836
351,1.3270890712738037
352,1.2841875553131104
353,3.195528745651245
354,2.2420804500579834
355,1.2865914106369019
356,4.259119987487793
357,3.8078560829162598
358,0.13301992416381836
359,0.13301992416381836
360,0.4035486578941345
361,0.17878127098083496
362,0.13301992416381836
363,0.13301992416381836
364,0.13301992416381836
365,1.2060339450836182
366,0.8052972555160522
367,0.2041611671447754
368,0.13301992416381836
369,0.13301992416381836
370,0.13301992416381836
371,0.13301992416381836
372,0.13301992416381836
373,0.13301992416381836
374,0.13301992416381836
375,0.13301992416381836
376,0.13301992416381836
377,0.13301992416381836
378,0.13301992416381836
379,0.13301992416381836
380,0.13301992416381836
381,0.13301992416381836
382,0.13301992416381836
383,0.13301992416381836
384,0.13301992416381836
385,0.13301992416381836
386,2.805943727493286
387,2.0996365547180176
388,2.915665626525879
389,1.963725209236145
390,0.13301992416381836
391,1.8991118669509888
392,3.437628746032715
393,3.8507211208343506
394,2.320437431335449
395,1.2174173593521118
396,1.5330448150634766
397,1.4933366775512695
398,4.37428092956543
399,5.39100980758667
400,5.869081497192383
401,7.613517761230469
402,5.656098365783691
403,8.349870681762695
404,9.385662078857422
405,7.5836567878723145
406,8.265066146850586
407,6.468889236450195
408,3.4135117530822754
409,4.420248985290527
410,6.373304843902588
411,5.567748546600342
412,3.4584996700286865
413,2.85727596282959
414,1.8545178174972534
415,0.7343799471855164
416,0.42865416407585144
417,3.299520969390869
418,3.3945658206939697
419,3.2256970405578613
420,4.274592876434326
421,4.665792942047119
422,0.13301992416381836
423,0.13301992416381836
424,0.13301992416381836
425,1.3265632390975952
426,2.4243083000183105
427,1.6585638523101807
428,1.1323657035827637
429,0.5894953608512878
430,0.13301992416381836
431,0.13301992416381836
432,0.13301992416381836
433,1.5404595136642456
434,1.0512763261795044
435,0.643405020236969
436,1.8213145732879639
437,1.6001183986663818
438,2.193502187728882
439,2.268678665161133
440,3.4728832244873047
441,2.7460224628448486
442,3.013582944869995
443,2.3182287216186523
444,1.4793082475662231
445,1.0491650104522705
446,0.44900426268577576
447,0.13301992416381836
448,0.13301992416381836
449,0.13301992416381836
450,0.13301992416381836
451,0.13301992416381836
452,0.13301992416381836
453,0.13301992416381836
454,0.13301992416381836
455,0.13301992416381836
456,0.13301992416381836
457,1.4822429418563843
458,3.606414318084717
459,2.879617691040039
460,1.694554090499878
461,2.9036478996276855
462,2.1024584770202637
463,0.8589334487915039
464,0.5218387842178345
465,1.739749550819397
466,2.4640629291534424
467,1.8016480207443237
468,2.38458514213562
469,1.8676421642303467
470,2.312811851501465
471,1.5906277894973755
472,0.7254296541213989
473,0.3899950087070465
474,2.057847023010254
475,2.7018909454345703
476,2.233228921890259
477,1.6187394857406616
478,1.6979886293411255
479,1.5525506734848022
480,0.9537118673324585
481,2.0241920948028564
482,3.5199694633483887
483,2.117781639099121
484,0.9117050766944885
485,0.45954734086990356
486,3.0168161392211914
487,3.515843629837036
488,4.713029384613037
489,5.476377964019775
490,4.897756099700928
491,3.209838628768921
492,3.658229351043701
493,3.6391332149505615
494,1.8766000270843506
495,1.1007696390151978
496,3.493715763092041
497,3.696981191635132
498,3.440631866455078
499,2.614668130874634
500,4.912238597869873
501,3.1969025135040283
502,1.341838002204895
503,0.6140583157539368
504,0.13510803878307343
505,0.13301992416381836
506,0.13301992416381836
507,0.13301992416381836
508,0.13301992416381836
509,0.13301992416381836
510,0.13301992416381836
511,1.1577377319335938
512,2.2007014751434326
513,2.376059055328369
514,6.565084457397461
515,5.454267978668213
516,4.841813087463379
517,4.501128673553467
518,0.13301992416381836
519,0.13301992416381836
520,0.13301992416381836
521,0.13301992416381836
522,0.13301992416381836
523,0.13301992416381836
524,0.13301992416381836
525,0.13301992416381836
526,0.13301992416381836
527,0.13301992416381836
528,0.13301992416381836
529,0.13301992416381836
530,0.13301992416381836
531,0.13301992416381836
532,0.13301992416381836
533,0.13301992416381836
534,0.13301992416381836
535,0.13301992416381836
536,1.8447571992874146
537,4.302137851715088
538,5.32161808013916
539,4.489377975463867
540,2.7338616847991943
541,1.265466570854187
542,0.3436056971549988
543,0.13301992416381836
544,0.13301992416381836
545,0.13301992416381836
546,3.1714634895324707
547,2.3024115562438965
548,2.3351380825042725
549,1.5422950983047485
550,3.623173952102661
551,5.496685028076172
552,7.646301746368408
553,7.973586559295654
554,6.739320278167725
555,4.208168029785156
556,6.286677360534668
557,6.671361446380615
558,5.674332618713379
559,4.949845314025879
560,6.704061985015869
561,4.15902042388916
562,5.596996307373047
563,7.369264602661133
564,7.307608127593994
565,5.481836318969727
566,7.529682636260986
567,7.471678733825684
568,4.007044315338135
569,1.838049054145813
570,0.7533578276634216
571,0.13301992416381836
572,2.1260738372802734
573,2.3540611267089844
574,2.8227224349975586
575,4.358786106109619
576,3.9668734073638916
577,5.145904064178467
578,3.226938009262085
579,1.3198676109313965
580,0.4151653051376343
581,0.13301992416381836
582,0.13301992416381836
583,0.13301992416381836
584,0.13301992416381836
585,0.13301992416381836
586,0.13301992416381836
587,0.13301992416381836
588,0.13301992416381836
589,0.13301992416381836
590,0.13301992416381836
591,0.13301992416381836
592,0.13301992416381836
593,0.13301992416381836
594,0.13301992416381836
595,0.13301992416381836
596,0.13301992416381836
597,0.13301992416381836
598,0.13301992416381836
599,0.13301992416381836
600,0.8590439558029175
601,0.5438122749328613
602,0.13301992416381836
603,0.13301992416381836
604,0.13301992416381836
605,0.13301992416381836
606,0.13301992416381836
607,0.13301992416381836
608,0.13301992416381836
609,0.13301992416381836
610,0.13301992416381836
611,0.13301992416381836
612,0.13301992416381836
613,0.13301992416381836
614,0.13301992416381836
615,0.13301992416381836
616,0.13301992416381836
617,0.13301992416381836
618,0.13301992416381836
619,0.13301992416381836
620,0.13301992416381836
621,0.13301992416381836
622,0.13301992416381836
623,0.13301992416381836
624,0.13301992416381836
625,0.13301992416381836
626,0.13301992416381836
627,0.13301992416381836
628,0.13301992416381836
629,0.13301992416381836
630,0.13301992416381836
631,0.13301992416381836
632,0.13301992416381836
633,0.13301992416381836
634,0.13301992416381836
635,0.13301992416381836
636,0.13301992416381836
637,0.13301992416381836
638,0.13301992416381836
639,0.13301992416381836
640,0.13301992416381836
641,0.13301992416381836
642,0.13301992416381836
643,0.13301992416381836
644,0.13301992416381836
645,0.13301992416381836
646,1.568686604499817
647,0.7651912569999695
648,0.45285987854003906
649,0.14052847027778625
650,0.13301992416381836
651,0.13301992416381836
652,0.13301992416381836
653,0.13301992416381836
654,0.13301992416381836
655,0.13301992416381836
656,0.13301992416381836
657,0.13301992416381836
658,0.13301992416381836
659,0.13301992416381836
660,0.13301992416381836
661,0.13301992416381836
662,0.13301992416381836
663,0.13301992416381836
664,0.13301992416381836
665,0.13301992416381836
666,0.13301992416381836
667,0.13301992416381836
668,0.13301992416381836
669,0.13301992416381836
670,0.13301992416381836
671,0.13301992416381836
672,0.5683368444442749
673,0.40040767192840576
674,0.1484830528497696
675,0.13301992416381836
676,0.13301992416381836
677,0.13301992416381836
678,0.13301992416381836
679,0.13301992416381836
680,0.13301992416381836
681,0.13301992416381836
682,0.13301992416381836
683,0.13301992416381836
684,0.13301992416381836
685,0.13301992416381836
686,0.13301992416381836
687,0.13301992416381836
688,0.13301992416381836
689,0.13301992416381836
690,0.13301992416381836
691,0.13301992416381836
692,0.13301992416381836
693,0.13301992416381836
694,0.13301992416381836
695,0.13301992416381836
696,0.13301992416381836
697,0.13301992416381836
698,0.13301992416381836
699,0.13301992416381836
700,0.13301992416381836
701,0.13301992416381836
702,0.13301992416381836
703,0.13301992416381836
704,0.13301992416381836
705,0.13301992416381836
706,0.13301992416381836
707,1.0344877243041992
708,0.8966513872146606
709,0.338454931974411
710,0.13301992416381836
711,0.13301992416381836
712,0.13301992416381836
713,0.13301992416381836
714,0.13301992416381836
715,0.13301992416381836
716,1.1610482931137085
717,0.769496500492096
718,0.18213796615600586
719,0.13301992416381836
720,0.13301992416381836
721,0.13301992416381836
722,0.13301992416381836
723,0.13301992416381836
724,0.13301992416381836
725,0.13301992416381836
726,0.13301992416381836
727,2.283757448196411
728,1.2470686435699463
729,0.335979700088501
730,0.24231094121932983
731,1.6313705444335938
732,1.0827150344848633
733,0.41302740573883057
734,0.18983948230743408
735,0.13301992416381836
736,0.13301992416381836
737,0.13301992416381836
738,0.13301992416381836
739,0.16524669528007507
740,0.13301992416381836
741,0.13301992416381836
742,0.13301992416381836
743,0.13301992416381836
744,0.13301992416381836
745,1.6001766920089722
746,1.5756744146347046
747,0.8866341710090637
748,0.6439830660820007
749,0.13301992416381836
750,0.13301992416381836
751,0.13301992416381836
752,0.13301992416381836
753,0.13301992416381836
754,0.13301992416381836
755,0.13301992416381836
756,0.13301992416381836
757,0.13301992416381836
758,0.13301992416381836
759,0.13301992416381836
760,0.13301992416381836
761,0.13301992416381836
762,0.13301992416381836
763,0.13301992416381836
764,0.13301992416381836
765,0.13301992416381836
766,0.13301992416381836
767,0.13301992416381836
768,0.13301992416381836
769,0.13301992416381836
770,0.13301992416381836
771,0.13301992416381836
772,0.13301992416381836
773,0.13301992416381836
774,0.13301992416381836
775,0.13301992416381836
776,0.13301992416381836
777,0.13301992416381836
778,0.13301992416381836
779,0.13301992416381836
780,0.13301992416381836
781,0.13301992416381836
782,0.13301992416381836
783,0.13301992416381836
784,0.13301992416381836
785,0.13301992416381836
786,0.13301992416381836
787,0.13301992416381836
788,0.13301992416381836
789,0.13301992416381836
790,0.13301992416381836
791,0.13301992416381836
792,0.13301992416381836
793,0.13301992416381836
794,0.13301992416381836
795,0.13301992416381836
796,0.13301992416381836
797,0.13301992416381836
798,0.13301992416381836
799,0.13301992416381836
800,0.13301992416381836
801,0.13301992416381836
802,0.13301992416381836
803,0.13301992416381836
804,0.13301992416381836
805,0.13301992416381836
806,0.13301992416381836
807,0.13301992416381836
808,0.13301992416381836
809,0.13301992416381836
810,0.13301992416381836
811,0.13301992416381836
812,0.13301992416381836
813,0.13301992416381836
814,0.13301992416381836
815,0.13301992416381836
816,0.13301992416381836
817,0.13301992416381836
818,0.13301992416381836
819,0.13301992416381836
820,0.13301992416381836
821,0.13301992416381836
822,0.13301992416381836
823,0.13301992416381836
824,0.13301992416381836
825,0.13301992416381836
826,0.13301992416381836
827,0.13301992416381836
828,0.13301992416381836
829,0.13301992416381836
830,0.13301992416381836
831,0.13301992416381836
832,0.13301992416381836
833,0.13301992416381836
834,0.13301992416381836
835,0.13301992416381836
836,0.13301992416381836
837,0.13301992416381836
838,0.13301992416381836
839,0.13301992416381836
840,0.13301992416381836
841,0.13301992416381836
842,0.13301992416381836
843,0.13301992416381836
844,0.13301992416381836
845,0.13301992416381836
846,0.13301992416381836
847,0.13301992416381836
848,0.13301992416381836
849,0.13301992416381836
850,0.13301992416381836
851,0.13301992416381836
852,0.13301992416381836
853,0.13301992416381836
854,0.13301992416381836
855,0.13301992416381836
856,0.13301992416381836
857,0.13301992416381836
858,0.13301992416381836
859,0.13301992416381836
860,0.13301992416381836
861,0.13301992416381836
862,0.13301992416381836
863,0.13301992416381836
864,0.13301992416381836
865,0.13301992416381836
866,0.13301992416381836
867,0.13301992416381836
868,0.13301992416381836
869,0.13301992416381836
870,0.13301992416381836
871,2.2436158657073975
872,1.5381858348846436
873,2.6787757873535156
874,3.1745975017547607
875,3.340178966522217
876,3.7526862621307373
877,2.8974270820617676
878,1.8317424058914185
879,1.4699809551239014
880,1.3341165781021118
881,1.1697783470153809
882,1.2836148738861084
883,1.5116509199142456
884,2.1345248222351074
885,1.6021122932434082
886,1.2059040069580078
887,1.5335688591003418
888,3.3744056224823
889,2.3972208499908447
890,3.028648614883423
891,4.335726261138916
892,4.107036590576172
893,2.5083065032958984
894,2.6326584815979004
895,1.7529938220977783
896,0.6759281754493713
897,0.2510250210762024
898,0.7400641441345215
899,1.5994913578033447
900,1.4173139333724976
901,0.8808737397193909
902,1.049282431602478
903,0.13301992416381836
904,0.13301992416381836
905,0.13301992416381836
906,0.13301992416381836
907,0.13301992416381836
908,0.13301992416381836
909,0.13301992416381836
910,0.13301992416381836
911,0.13301992416381836
912,0.13301992416381836
913,0.13301992416381836
914,0.13301992416381836
915,0.13301992416381836
916,0.13301992416381836
917,0.13301992416381836
918,0.13301992416381836
919,0.13301992416381836
920,0.13301992416381836
921,0.13301992416381836
922,0.13301992416381836
923,0.13301992416381836
924,0.13301992416381836
925,0.13301992416381836
926,0.13301992416381836
927,0.13301992416381836
928,0.13301992416381836
929,0.13301992416381836
930,0.13301992416381836
931,0.13301992416381836
932,0.13301992416381836
933,0.13301992416381836
934,0.13301992416381836
935,3.7474746704101562
936,2.267487049102783
937,2.2395544052124023
938,1.740051031112671
939,0.7195535898208618
940,0.2905310392379761
941,1.1981316804885864
942,2.2073569297790527
943,1.396674633026123
944,1.240014910697937
945,1.3634891510009766
946,1.6418869495391846
947,2.7823777198791504
948,4.159613609313965
949,4.0644073486328125
950,2.4360191822052
951,1.7522867918014526
952,2.670138120651245
953,2.8833768367767334
954,3.258927822113037
955,3.4880571365356445
956,3.558727502822876
957,2.0461792945861816
958,0.9578607678413391
959,0.8315523266792297
960,0.3270198702812195
961,0.13301992416381836
962,0.9892280697822571
963,0.645039439201355
964,0.16050215065479279
965,0.13301992416381836
966,0.6581387519836426
967,0.13301992416381836
968,0.13301992416381836
969,0.13301992416381836
970,0.13301992416381836
971,0.13301992416381836
972,0.13301992416381836
973,0.13301992416381836
974,0.13301992416381836
975,0.13301992416381836
976,0.13301992416381836
977,0.13301992416381836
978,0.13301992416381836
979,0.13301992416381836
980,0.13301992416381836
981,0.13301992416381836
982,0.13301992416381836
983,0.13301992416381836
984,0.13301992416381836
985,0.13301992416381836
986,0.13301992416381836
987,0.13301992416381836
988,0.13301992416381836
989,0.13301992416381836
990,0.13301992416381836
991,0.13301992416381836
992,0.18003693222999573
993,0.4934554994106293
994,0.2281058430671692
995,0.13301992416381836
996,0.13301992416381836
997,0.13301992416381836
998,0.13301992416381836
999,3.106715679168701
1000,3.537428140640259
1001,3.760305881500244
1002,2.3371386528015137
1003,1.1158055067062378
1004,0.48446446657180786
1005,0.13301992416381836
1006,0.13301992416381836
1007,0.13301992416381836
1008,0.13301992416381836
1009,0.4568063020706177
1010,0.42013147473335266
1011,0.700581431388855
1012,2.450986623764038
1013,1.6180939674377441
1014,0.662157416343689
1015,0.3241960406303406
1016,0.23248547315597534
1017,1.4932396411895752
1018,1.05428147315979
1019,0.3958130478858948
1020,0.17636491358280182
1021,0.13301992416381836
1022,0.13301992416381836
1023,0.13301992416381836
1024,0.3901824951171875
1025,0.7358312010765076
1026,0.4356641471385956
1027,0.8511032462120056
1028,0.5501951575279236
1029,0.7107340097427368
1030,0.7106336951255798
1031,1.8544944524765015
1032,1.3501583337783813
1033,0.6923553347587585
1034,0.13301992416381836
1035,0.13301992416381836
1036,0.13301992416381836
1037,0.13301992416381836
1038,0.13301992416381836
1039,0.13301992416381836
1040,0.13301992416381836
1041,0.13301992416381836
1042,0.13301992416381836
1043,0.13301992416381836
1044,0.13301992416381836
1045,0.13301992416381836
1046,0.3253607153892517
1047,0.17812380194664001
1048,0.13301992416381836
1049,0.13301992416381836
1050,0.3479759693145752
1051,2.3478689193725586
1052,3.325395345687866
1053,2.477102518081665
1054,2.623814582824707
1055,1.9201714992523193
1056,1.4442474842071533
1057,1.3769913911819458
1058,1.100630760192871
1059,1.3459149599075317
1060,1.020819902420044
1061,2.1047956943511963
1062,1.4001808166503906
1063,0.13301992416381836
1064,0.13301992416381836
1065,0.13301992416381836
1066,0.14442692697048187
1067,1.6007554531097412
1068,2.6333775520324707
1069,2.8146579265594482
1070,1.9673341512680054
1071,1.38246750831604
1072,1.136881947517395
1073,0.518258810043335
1074,0.13301992416381836
1075,0.13301992416381836
1076,0.13301992416381836
1077,0.3830215334892273
1078,0.7833350300788879
1079,1.2272579669952393
1080,1.7293850183486938
1081,2.4219534397125244
1082,2.697788953781128
1083,3.2074263095855713
1084,3.52496337890625
1085,2.6250805854797363
1086,1.8152062892913818
1087,2.28094482421875
1088,1.287534236907959
1089,0.47082096338272095
1090,0.5144886374473572
1091,0.25779807567596436
1092,0.31233564019203186
1093,0.18927361071109772
1094,0.43628227710723877
1095,0.13301992416381836
1096,0.13301992416381836
1097,0.13301992416381836
1098,0.5478439331054688
1099,2.692326784133911
1100,4.322464466094971
1101,3.09428334236145
1102,2.1511802673339844
1103,1.5851820707321167
1104,1.480040192604065
1105,1.2519659996032715
1106,1.0168581008911133
1107,1.130113124847412
1108,2.052769422531128
1109,2.1482062339782715
1110,1.1958855390548706
1111,0.8416967988014221
1112,1.3095853328704834
1113,2.730726718902588
1114,1.7668479681015015
1115,0.7911056280136108
1116,0.3884708881378174
1117,0.13301992416381836
1118,0.13301992416381836
1119,0.13301992416381836
1120,0.13301992416381836
1121,0.4139319062232971
1122,2.1417531967163086
1123,1.738409399986267
1124,1.3256515264511108
1125,1.3087693452835083
1126,1.536044955253601
1127,0.13301992416381836
1128,0.13301992416381836
1129,0.13301992416381836
1130,0.13301992416381836
1131,0.13301992416381836
1132,0.13301992416381836
1133,0.13301992416381836
1134,0.13301992416381836
1135,0.13301992416381836
1136,0.13301992416381836
1137,0.13301992416381836
1138,0.13301992416381836
1139,0.13301992416381836
1140,0.13301992416381836
1141,0.13301992416381836
1142,0.13301992416381836
1143,0.13301992416381836
1144,0.13301992416381836
1145,0.13301992416381836
1146,0.13301992416381836
1147,0.13301992416381836
1148,0.13301992416381836
1149,0.13301992416381836
1150,0.13301992416381836
1151,0.13301992416381836
1152,0.13301992416381836
1153,0.13301992416381836
1154,0.13301992416381836
1155,0.13301992416381836
1156,0.13301992416381836
1157,0.13301992416381836
1158,0.13301992416381836
1159,0.13301992416381836
1160,0.13301992416381836
1161,0.2915085554122925
1162,0.15172584354877472
1163,0.13301992416381836
1164,0.13301992416381836
1165,0.13301992416381836
1166,0.13301992416381836
1167,0.13301992416381836
1168,0.13301992416381836
1169,0.13301992416381836
1170,0.13301992416381836
1171,0.13301992416381836
1172,0.13301992416381836
1173,0.13301992416381836
1174,0.13301992416381836
1175,0.13301992416381836
1176,0.13301992416381836
1177,0.13301992416381836
1178,0.13301992416381836
1179,0.13301992416381836
1180,0.13301992416381836
1181,0.13301992416381836
1182,0.13301992416381836
1183,0.13301992416381836
1184,0.13301992416381836
1185,0.13301992416381836
1186,0.13301992416381836
1187,0.13301992416381836
1188,0.13301992416381836
1189,0.13301992416381836
1190,0.13301992416381836
1191,0.13301992416381836
1192,0.13301992416381836
1193,0.13301992416381836
1194,0.13301992416381836
1195,1.7809059619903564
1196,3.957301378250122
1197,2.568262815475464
1198,1.2936288118362427
1199,1.1242374181747437
1200,0.42888832092285156
1201,0.13301992416381836
1202,0.13301992416381836
1203,0.13301992416381836
1204,0.13301992416381836
1205,0.13301992416381836
1206,0.2393447458744049
1207,0.14536865055561066
1208,0.13301992416381836
1209,0.13301992416381836
1210,0.13301992416381836
1211,0.13301992416381836
1212,0.13301992416381836
1213,0.31961989402770996
1214,0.962973415851593
1215,0.5719972252845764
1216,0.6405145525932312
1217,0.9707985520362854
1218,0.5336153507232666
1219,0.3582919239997864
1220,0.5131309032440186
1221,0.7310064435005188
1222,0.3463846445083618
1223,0.13301992416381836
1224,0.13301992416381836
1225,0.13301992416381836
1226,0.13301992416381836
1227,0.13301992416381836
1228,0.13301992416381836
1229,0.13301992416381836
1230,0.13301992416381836
1231,0.13301992416381836
1232,0.2811518907546997
1233,0.4924606680870056
1234,0.4180602431297302
1235,0.13301992416381836
1236,0.13301992416381836
1237,0.13301992416381836
1238,0.13301992416381836
1239,0.13301992416381836
1240,0.13301992416381836
1241,0.13301992416381836
1242,0.13301992416381836
1243,0.13301992416381836
1244,0.13301992416381836
1245,0.13301992416381836
1246,0.13301992416381836
1247,0.13301992416381836
1248,0.13301992416381836
1249,0.13301992416381836
1250,0.13301992416381836
1251,0.13301992416381836
1252,0.13301992416381836
1253,0.13301992416381836
1254,0.13301992416381836
1255,0.13301992416381836
1256,0.13301992416381836
1257,0.13301992416381836
1258,0.13301992416381836
1259,0.13301992416381836
1260,0.13301992416381836
1261,0.13301992416381836
1262,0.13301992416381836
1263,0.13301992416381836
1264,0.13301992416381836
1265,0.13301992416381836
1266,0.13301992416381836
1267,0.13301992416381836
1268,0.13301992416381836
1269,0.13301992416381836
1270,0.13301992416381836
1271,0.21143874526023865
1272,1.2322235107421875
1273,2.5151236057281494
1274,3.004547357559204
1275,3.2736668586730957
1276,2.0258078575134277
1277,0.9626585841178894
1278,0.4020894765853882
1279,0.13301992416381836
1280,0.13301992416381836
1281,0.13301992416381836
1282,0.13301992416381836
1283,0.13301992416381836
1284,0.13301992416381836
1285,0.13301992416381836
1286,0.13301992416381836
1287,1.661923885345459
1288,1.5711835622787476
1289,1.356419324874878
1290,2.3726398944854736
1291,4.1524152755737305
1292,4.972625255584717
1293,3.5245676040649414
1294,1.9080795049667358
1295,1.1182628870010376
1296,1.0223771333694458
1297,0.3201640844345093
1298,0.13301992416381836
1299,0.13301992416381836
1300,1.695966362953186
1301,1.5474952459335327
1302,1.336568832397461
1303,1.0811326503753662
1304,1.154153823852539
1305,2.2105636596679688
1306,2.0548501014709473
1307,2.71307373046875
1308,4.205328464508057
1309,5.3638482093811035
1310,3.6644287109375
1311,2.5145044326782227
1312,1.7971062660217285
1313,0.9410930275917053
1314,0.5320495963096619
1315,0.6954735517501831
1316,0.8959522843360901
1317,1.0465703010559082
1318,1.4204435348510742
1319,2.564533233642578
1320,1.9547398090362549
1321,1.2884989976882935
1322,1.6122353076934814
1323,5.401762962341309
1324,5.146535396575928
1325,3.5392658710479736
1326,2.5135066509246826
1327,1.415555477142334
1328,1.158577799797058
1329,4.82027006149292
1330,6.083017826080322
1331,5.705519199371338
1332,5.679198265075684
1333,5.706355094909668
1334,4.437302589416504
1335,2.401172161102295
1336,1.3731741905212402
1337,0.5338719487190247
1338,0.13301992416381836
1339,0.13301992416381836
1340,1.3705768585205078
1341,2.7496964931488037
1342,2.2136290073394775
1343,2.064478874206543
1344,1.5605003833770752
1345,2.9221653938293457
1346,4.456843852996826
1347,2.9862380027770996
1348,3.541935682296753
1349,3.4048891067504883
1350,2.0662927627563477
1351,2.018357515335083
1352,1.1702241897583008
1353,1.0678560733795166
1354,0.9056850671768188
1355,3.7301015853881836
1356,5.586370468139648
1357,3.711918592453003
1358,2.7224838733673096
1359,2.2167179584503174
1360,1.1923388242721558
1361,0.8900700807571411
1362,2.508270502090454
1363,4.2179718017578125
1364,7.055060863494873
1365,5.734457969665527
1366,3.7408649921417236
1367,2.6904423236846924
1368,1.700814962387085
1369,1.8494209051132202
1370,1.4590606689453125
1371,0.6215729117393494
1372,0.20387175679206848
1373,1.5719412565231323
1374,1.0875627994537354
1375,0.6786866784095764
1376,0.389313668012619
1377,1.864025592803955
1378,1.6117528676986694
1379,0.7154976725578308
1380,0.30668187141418457
1381,1.1982858180999756
1382,1.6169511079788208
1383,2.6009252071380615
1384,4.154331684112549
1385,3.0396928787231445
1386,2.059495449066162
1387,2.5507490634918213
1388,3.3019115924835205
1389,2.542518138885498
1390,1.3986668586730957
1391,0.9700074791908264
1392,0.7483872175216675
1393,0.16479884088039398
1394,0.13301992416381836
1395,0.13301992416381836
1396,0.13301992416381836
1397,0.13301992416381836
1398,0.13301992416381836
1399,0.13301992416381836
1400,0.13301992416381836
1401,0.13301992416381836
1402,0.2865171432495117
1403,1.8816909790039062
1404,3.8490993976593018
1405,4.064626216888428
1406,2.5616402626037598
1407,1.648211121559143
1408,0.7530694603919983
1409,1.0614702701568604
1410,2.898390531539917
1411,3.340862512588501
1412,3.3444113731384277
1413,2.8431508541107178
1414,2.334688425064087
1415,0.13301992416381836
1416,0.13301992416381836
1417,0.13301992416381836
1418,0.13301992416381836
1419,1.3485561609268188
1420,3.7305984497070312
1421,3.378174066543579
1422,4.26318359375
1423,3.068453311920166
1424,1.7504717111587524
1425,0.9427962899208069
1426,0.9563337564468384
1427,3.372968912124634
1428,5.201278209686279
1429,3.477315902709961
1430,4.0670366287231445
1431,2.8829007148742676
1432,1.5734715461730957
1433,2.9070510864257812
1434,3.114990711212158
1435,2.7307090759277344
1436,4.314639568328857
1437,7.163424968719482
1438,4.930105209350586
1439,5.726099014282227
1440,5.293178081512451
1441,4.01280403137207
1442,2.574873924255371
1443,1.8327240943908691
1444,5.180896282196045
1445,4.512077331542969
1446,3.0449881553649902
1447,2.727905035018921
1448,3.7704577445983887
1449,3.885408639907837
1450,3.204303503036499
1451,2.010467052459717
1452,0.7833247780799866
1453,0.13614040613174438
1454,0.3743440508842468
1455,0.13301992416381836
1456,0.13301992416381836
1457,0.13301992416381836
1458,0.13301992416381836
1459,0.13301992416381836
1460,0.13301992416381836
1461,0.13301992416381836
1462,0.13301992416381836
1463,0.13301992416381836
1464,0.13301992416381836
1465,0.13301992416381836
1466,0.13301992416381836
1467,0.13301992416381836
1468,1.228170394897461
1469,0.8124291300773621
1470,1.2826881408691406
1471,1.936277151107788
1472,1.1579874753952026
1473,0.6298106908798218
1474,3.612766742706299
1475,4.048357963562012
1476,3.713501453399658
1477,4.65685510635376
1478,3.9599249362945557
1479,3.4345855712890625
1480,2.903564691543579
1481,3.321650981903076
1482,3.646934986114502
1483,1.9450923204421997
1484,0.7479928135871887
1485,0.1500823050737381
1486,0.9524809718132019
1487,0.5945405960083008
1488,0.136509969830513
1489,1.24418044090271
1490,1.770853877067566
1491,1.2979953289031982
1492,4.071558475494385
1493,3.4901270866394043
1494,2.6214325428009033
1495,5.035993576049805
1496,3.8130581378936768
1497,3.954908847808838
1498,3.3191781044006348
1499,2.911684989929199
1500,3.517897844314575
1501,6.316145420074463
1502,4.678073883056641
1503,5.410730838775635
1504,4.598378658294678
1505,4.180010795593262
1506,3.7928500175476074
1507,2.102229595184326
1508,0.660078227519989
1509,0.13301992416381836
1510,0.13301992416381836
1511,0.13301992416381836
1512,0.13301992416381836
1513,0.13301992416381836
1514,0.13301992416381836
1515,0.13301992416381836
1516,0.13301992416381836
1517,0.13301992416381836
1518,0.13301992416381836
1519,0.13301992416381836
1520,0.13301992416381836
1521,0.13301992416381836
1522,0.13301992416381836
1523,0.13301992416381836
1524,0.13301992416381836
1525,0.13301992416381836
1526,0.13301992416381836
1527,0.13301992416381836
1528,0.13301992416381836
1529,0.13301992416381836
1530,0.13301992416381836
1531,0.13301992416381836
1532,0.13301992416381836
1533,0.13301992416381836
1534,0.13301992416381836
1535,0.13301992416381836
1536,0.13301992416381836
1537,0.13301992416381836
1538,0.13301992416381836
1539,0.13301992416381836
1540,0.13301992416381836
1541,0.13301992416381836
1542,0.13301992416381836
1543,0.13301992416381836
1544,0.13301992416381836
1545,0.13301992416381836
1546,0.13301992416381836
1547,0.13301992416381836
1548,0.13301992416381836
1549,0.13301992416381836
1550,0.13301992416381836
1551,0.13301992416381836
1552,0.13301992416381836
1553,0.13301992416381836
1554,0.13301992416381836
1555,0.13301992416381836
1556,0.13301992416381836
1557,0.13301992416381836
1558,0.13301992416381836
1559,0.13301992416381836
1560,0.13301992416381836
1561,0.13301992416381836
1562,0.13301992416381836
1563,0.13301992416381836
1564,0.13301992416381836
1565,0.13301992416381836
1566,0.13301992416381836
1567,0.13301992416381836
1568,0.13301992416381836
1569,0.13301992416381836
1570,0.13301992416381836
1571,0.13301992416381836
1572,0.13301992416381836
1573,0.13301992416381836
1574,0.13301992416381836
1575,1.183407187461853
1576,1.0082815885543823
1577,0.7131263613700867
1578,1.2331877946853638
1579,2.389598846435547
1580,3.726877450942993
1581,2.789452314376831
1582,2.103034496307373
1583,2.1840381622314453
1584,1.267072081565857
1585,1.760826587677002
1586,2.8026695251464844
1587,2.431953191757202
1588,3.473818302154541
1589,2.726656436920166
1590,1.6833982467651367
1591,2.415032148361206
1592,2.580561637878418
1593,2.9366440773010254
1594,2.660996913909912
1595,3.6179511547088623
1596,4.204028606414795
1597,3.2148711681365967
1598,2.5475056171417236
1599,1.736325979232788
1600,1.8736493587493896
1601,1.8616653680801392
1602,2.2142858505249023
1603,1.9585461616516113
1604,1.5819720029830933
1605,1.4458518028259277
1606,1.0963776111602783
1607,0.13301992416381836
1608,0.13301992416381836
1609,0.13301992416381836
1610,0.13301992416381836
1611,0.13301992416381836
1612,0.13301992416381836
1613,0.13301992416381836
1614,0.13301992416381836
1615,0.13301992416381836
1616,0.13301992416381836
1617,0.13301992416381836
1618,0.5318591594696045
1619,2.754678249359131
1620,3.4880964756011963
1621,2.1967320442199707
1622,1.459653615951538
1623,3.1111679077148438
1624,1.9293692111968994
1625,1.2062097787857056
1626,0.7859842777252197
1627,1.4544414281845093
1628,0.7601645588874817
1629,0.2165495902299881
1630,0.13301992416381836
1631,0.13301992416381836
1632,0.13301992416381836
1633,0.13301992416381836
1634,0.13301992416381836
1635,0.13301992416381836
1636,0.4164702594280243
1637,0.2055869847536087
1638,0.13301992416381836
1639,0.13301992416381836
1640,0.13301992416381836
1641,0.13301992416381836
1642,0.13301992416381836
1643,0.13301992416381836
1644,0.13301992416381836
1645,0.13301992416381836
1646,0.13301992416381836
1647,0.13301992416381836
1648,0.13301992416381836
1649,0.13301992416381836
1650,0.2465720921754837
1651,1.095391869544983
1652,0.691990077495575
1653,0.3968704342842102
1654,0.2984298765659332
1655,0.13301992416381836
1656,0.13301992416381836
1657,0.13301992416381836
1658,0.13301992416381836
1659,0.13301992416381836
1660,0.13301992416381836
1661,0.13301992416381836
1662,0.13301992416381836
1663,0.13301992416381836
1664,0.13301992416381836
1665,0.13301992416381836
1666,0.13301992416381836
1667,0.13301992416381836
1668,0.13301992416381836
1669,0.13301992416381836
1670,0.13301992416381836
1671,0.13301992416381836
1672,0.4609030783176422
1673,0.7565436363220215
1674,0.3906896412372589
1675,1.5394104719161987
1676,4.187875270843506
1677,4.064651012420654
1678,2.869554042816162
1679,1.600507140159607
1680,1.086266279220581
1681,0.9323620200157166
1682,0.5508610010147095
1683,0.2189210057258606
1684,0.13301992416381836
1685,0.13301992416381836
1686,1.0562541484832764
1687,0.5708154439926147
1688,0.13301992416381836
1689,0.13301992416381836
1690,0.13301992416381836
1691,0.13301992416381836
1692,0.13301992416381836
1693,0.13301992416381836
1694,0.13301992416381836
1695,0.13301992416381836
1696,0.13301992416381836
1697,0.6973628401756287
1698,0.37623217701911926
1699,0.19685515761375427
1700,0.13301992416381836
1701,0.23089507222175598
1702,0.13301992416381836
1703,0.13301992416381836
1704,0.13301992416381836
1705,0.13301992416381836
1706,0.13301992416381836
1707,0.13301992416381836
1708,0.13301992416381836
1709,0.13301992416381836
1710,0.13301992416381836
1711,0.13301992416381836
1712,0.13301992416381836
1713,0.13301992416381836
1714,0.13301992416381836
1715,0.13301992416381836
1716,0.13301992416381836
1717,0.13301992416381836
1718,0.13301992416381836
1719,0.13301992416381836
1720,0.13301992416381836
1721,0.13301992416381836
1722,0.13301992416381836
1723,0.13301992416381836
1724,0.13301992416381836
1725,0.13301992416381836
1726,0.13301992416381836
1727,0.13301992416381836
1728,0.13301992416381836
1729,0.13301992416381836
1730,0.13301992416381836
1731,0.13301992416381836
1732,0.13301992416381836
1733,0.13301992416381836
1734,0.13301992416381836
1735,0.13301992416381836
1736,0.13301992416381836
1737,0.13301992416381836
1738,0.13301992416381836
1739,0.13301992416381836
1740,0.13301992416381836
1741,0.13301992416381836
1742,0.13301992416381836
1743,0.13301992416381836
1744,0.13301992416381836
1745,0.13301992416381836
1746,0.13301992416381836
1747,0.13301992416381836
1748,0.13301992416381836
1749,0.13301992416381836
1750,0.13301992416381836
1751,0.13301992416381836
1752,0.13301992416381836
1753,0.13301992416381836
1754,0.13301992416381836
1755,0.13301992416381836
1756,0.13301992416381836
1757,0.13301992416381836
1758,0.13301992416381836
1759,0.13301992416381836
1760,0.13301992416381836
1761,0.13301992416381836
1762,0.13301992416381836
1763,0.13301992416381836
1764,0.13301992416381836
1765,0.13301992416381836
1766,0.13301992416381836
1767,0.13301992416381836
1768,0.13301992416381836
1769,0.13301992416381836
1770,0.13301992416381836
1771,0.13301992416381836
1772,0.13301992416381836
1773,0.13301992416381836
1774,0.13301992416381836
1775,0.13301992416381836
1776,0.13301992416381836
1777,0.13301992416381836
1778,2.330071210861206
1779,3.2657368183135986
1780,2.672269582748413
1781,1.8644516468048096
1782,1.534896969795227
1783,1.953354001045227
1784,1.5451356172561646
1785,1.805048942565918
1786,1.921464443206787
1787,2.9439661502838135
1788,3.3304622173309326
1789,2.6907925605773926
1790,3.1576967239379883
1791,2.7248146533966064
1792,2.0626702308654785
1793,1.8839645385742188
1794,2.0053212642669678
1795,2.662410259246826
1796,2.186014175415039
1797,2.3014466762542725
1798,2.4222776889801025
1799,2.2856407165527344
1800,1.978642463684082
1801,2.1731462478637695
1802,2.656496286392212
1803,2.580383062362671
1804,2.0234861373901367
1805,2.5231964588165283
1806,2.6801116466522217
1807,1.8929808139801025
1808,1.6354681253433228
1809,2.854111909866333
1810,0.13301992416381836
1811,0.13301992416381836
1812,0.13301992416381836
1813,0.13301992416381836
1814,0.13301992416381836
1815,0.13301992416381836
1816,0.13301992416381836
1817,0.13301992416381836
1818,0.13301992416381836
1819,0.13301992416381836
1820,0.13301992416381836
1821,0.13301992416381836
1822,0.13301992416381836
1823,0.13301992416381836
1824,0.13301992416381836
1825,0.13301992416381836
1826,0.13301992416381836
1827,0.13301992416381836
1828,0.13301992416381836
1829,0.13301992416381836
1830,0.13301992416381836
1831,0.13301992416381836
1832,0.13301992416381836
1833,0.13301992416381836
1834,0.13301992416381836
1835,0.13301992416381836
1836,0.13301992416381836
1837,0.13301992416381836
1838,0.13301992416381836
1839,0.13301992416381836
1840,0.13301992416381836
1841,0.13301992416381836
1842,0.13301992416381836
1843,0.13301992416381836
1844,0.13301992416381836
1845,0.13301992416381836
1846,0.6945952773094177
1847,0.8360120058059692
1848,0.9095975756645203
1849,1.0605759620666504
1850,0.8692932724952698
1851,0.9552214741706848
1852,0.5053232908248901
1853,0.13301992416381836
1854,0.13301992416381836
1855,0.13301992416381836
1856,0.18235033750534058
1857,0.53216552734375
1858,0.7162371277809143
1859,1.8921394348144531
1860,1.9610048532485962
1861,1.079179286956787
1862,0.9759415984153748
1863,1.5075994729995728
1864,1.5746161937713623
1865,0.8747931718826294
1866,0.5807032585144043
1867,1.3570345640182495
1868,3.4981889724731445
1869,2.973457098007202
1870,2.0224552154541016
1871,1.1460965871810913
1872,0.41086626052856445
1873,0.13301992416381836
1874,0.13301992416381836
1875,0.13301992416381836
1876,0.13301992416381836
1877,0.13301992416381836
1878,0.13301992416381836
1879,0.13301992416381836
1880,0.13301992416381836
1881,0.13301992416381836
1882,0.13301992416381836
1883,0.13301992416381836
1884,1.0145186185836792
1885,0.6843752264976501
1886,0.23233914375305176
1887,0.5064904689788818
1888,0.8015199899673462
1889,1.434021234512329
1890,1.4560340642929077
1891,2.148251533508301
1892,1.6731622219085693
1893,1.1372480392456055
1894,1.0056488513946533
1895,1.5954558849334717
1896,2.9287617206573486
1897,2.654850482940674
1898,3.0737814903259277
1899,2.9382007122039795
1900,3.9217562675476074
1901,3.4292750358581543
1902,2.692657470703125
1903,2.3575146198272705
1904,1.5009430646896362
1905,0.5394734144210815
1906,0.13301992416381836
1907,0.13301992416381836
1908,0.13301992416381836
1909,0.13301992416381836
1910,0.13301992416381836
1911,0.13301992416381836
1912,0.13301992416381836
1913,0.13301992416381836
1914,0.13301992416381836
1915,0.13301992416381836
1916,0.13301992416381836
1917,0.13301992416381836
1918,0.13301992416381836
1919,0.13301992416381836
1920,0.13301992416381836
1921,0.13301992416381836
1922,0.13301992416381836
1923,0.13301992416381836
1924,0.13301992416381836
1925,0.13301992416381836
1926,0.13301992416381836
1927,0.13301992416381836
1928,0.13301992416381836
1929,0.13301992416381836
1930,0.13301992416381836
1931,0.13301992416381836
1932,0.13301992416381836
1933,0.13301992416381836
1934,0.13301992416381836
1935,0.13301992416381836
1936,0.13301992416381836
1937,0.13301992416381836
1938,0.5571302771568298
1939,2.1424720287323
1940,3.3574485778808594
1941,2.747299909591675
1942,1.9989633560180664
1943,1.8006013631820679
1944,1.6069966554641724
1945,0.8852725028991699
1946,1.379927158355713
1947,2.3738954067230225
1948,1.4642878770828247
1949,1.6114376783370972
1950,2.8877298831939697
1951,2.5989391803741455
1952,1.3209877014160156
1953,0.6742710471153259
1954,0.8790265321731567
1955,1.709757685661316
1956,1.495707392692566
1957,1.2649775743484497
1958,0.7474724650382996
1959,0.43585699796676636
1960,0.683323323726654
1961,0.5677016973495483
1962,0.18529050052165985
1963,0.13301992416381836
1964,0.473227322101593
1965,0.6137410402297974
1966,0.31999775767326355
1967,1.0598607063293457
1968,1.3932276964187622
1969,0.7032620906829834
1970,0.6516545414924622
1971,1.812233328819275
1972,1.5966802835464478
1973,1.15452241897583
1974,1.3760216236114502
1975,1.1799254417419434
1976,1.2847552299499512
1977,1.113905429840088
1978,0.9680967330932617
1979,1.9992526769638062
1980,2.642674207687378
1981,2.1837892532348633
1982,2.6506123542785645
1983,2.679185152053833
1984,2.5446765422821045
1985,2.0092763900756836
1986,1.9297122955322266
1987,3.5822792053222656
1988,2.817403554916382
1989,1.9326919317245483
1990,1.7546509504318237
1991,1.2757030725479126
1992,1.1405891180038452
1993,1.385288953781128
1994,3.8103764057159424
1995,3.2506179809570312
1996,2.1464357376098633
1997,1.4574021100997925
1998,0.9757221937179565
1999,0.8803244233131409
2000,0.995897650718689
2001,1.6019823551177979
2002,0.13301992416381836
2003,0.13301992416381836
2004,0.13301992416381836
2005,0.13301992416381836
2006,0.13301992416381836
2007,0.13301992416381836
2008,0.13301992416381836
2009,0.13301992416381836
2010,0.13301992416381836
2011,0.13301992416381836
2012,0.13301992416381836
2013,0.13301992416381836
2014,0.13301992416381836
2015,0.13301992416381836
2016,0.13301992416381836
2017,0.13301992416381836
2018,0.13301992416381836
2019,0.13301992416381836
2020,0.13301992416381836
2021,0.13301992416381836
2022,0.13301992416381836
2023,0.13301992416381836
2024,0.13301992416381836
2025,0.13301992416381836
2026,0.13301992416381836
2027,0.13301992416381836
2028,0.13301992416381836
2029,0.13301992416381836
2030,0.13301992416381836
2031,0.13301992416381836
2032,0.13301992416381836
2033,0.13301992416381836
2034,0.4488036334514618
2035,0.13301992416381836
2036,0.13301992416381836
2037,0.13301992416381836
2038,0.13301992416381836
2039,0.13301992416381836
2040,0.13301992416381836
2041,0.13301992416381836
2042,0.13301992416381836
2043,0.13301992416381836
2044,0.13301992416381836
2045,0.13301992416381836
2046,0.13301992416381836
2047,0.13301992416381836
2048,0.13301992416381836
2049,0.13301992416381836
2050,0.13301992416381836
2051,0.13301992416381836
2052,0.13301992416381836
2053,0.13301992416381836
2054,0.1535743772983551
2055,1.2816998958587646
2056,1.000885009765625
2057,1.505706787109375
2058,2.6522393226623535
2059,2.1693437099456787
2060,1.0525565147399902
2061,0.5198835134506226
2062,0.6410642862319946
2063,0.2063014954328537
2064,0.13301992416381836
2065,2.7110557556152344
2066,1.6330293416976929
2067,2.7441604137420654
2068,2.3986735343933105
2069,1.651970386505127
2070,1.8523257970809937
2071,1.4343466758728027
2072,1.5768516063690186
2073,2.058302879333496
2074,1.6818175315856934
2075,2.604717254638672
2076,2.4175868034362793
2077,1.9680677652359009
2078,2.44297194480896
2079,2.0042667388916016
2080,1.5786993503570557
2081,1.2355668544769287
2082,1.335862398147583
2083,1.964400053024292
2084,1.7091766595840454
2085,1.620796799659729
2086,1.4166219234466553
2087,1.5426677465438843
2088,2.8223843574523926
2089,2.377070188522339
2090,2.9850070476531982
2091,2.6659717559814453
2092,2.112427234649658
2093,1.7711440324783325
2094,0.9353922605514526
2095,0.25148552656173706
2096,0.27504727244377136
2097,2.3351175785064697
2098,0.5873109102249146
2099,2.1500940322875977
2100,2.082397222518921
2101,1.4848743677139282
2102,0.8453439474105835
2103,0.7178651094436646
2104,0.1815451979637146
2105,0.13301992416381836
2106,0.13301992416381836
2107,0.13301992416381836
2108,1.3761694431304932
2109,1.498092532157898
2110,2.436758041381836
2111,2.43149995803833
2112,1.253643274307251
2113,0.4228532016277313
2114,0.13301992416381836
2115,0.13301992416381836
2116,0.13301992416381836
2117,0.13301992416381836
2118,0.13301992416381836
2119,0.13301992416381836
2120,0.13301992416381836
2121,0.13301992416381836
2122,0.13301992416381836
2123,0.13301992416381836
2124,0.13301992416381836
2125,0.13301992416381836
2126,0.13301992416381836
2127,0.24563419818878174
2128,0.7469674348831177
2129,1.894395112991333
2130,0.9898543357849121
2131,2.127455234527588
2132,3.086979627609253
2133,2.6756577491760254
2134,1.669857382774353
2135,0.9569787383079529
2136,0.26293352246284485
2137,0.13301992416381836
2138,0.13301992416381836
2139,1.0886021852493286
2140,1.1580792665481567
2141,0.8544003963470459
2142,1.6768170595169067
2143,1.3627021312713623
2144,0.5859507322311401
2145,0.4901256263256073
2146,1.5009877681732178
2147,2.4579403400421143
2148,2.2881174087524414
2149,1.4233325719833374
2150,1.2146965265274048
2151,1.964286208152771
2152,1.6033138036727905
2153,0.9191999435424805
2154,2.877774477005005
2155,2.1685092449188232
2156,2.2962679862976074
2157,1.524316668510437
2158,0.7360143661499023
2159,0.9408374428749084
2160,1.9911421537399292
2161,2.8852603435516357
2162,1.540542721748352
2163,2.6848971843719482
2164,1.6677944660186768
2165,1.9822304248809814
2166,1.1710383892059326
2167,0.3331364393234253
2168,0.472497820854187
2169,0.4518339931964874
2170,0.319444477558136
2171,0.13301992416381836
2172,0.13301992416381836
2173,0.13301992416381836
2174,0.13301992416381836
2175,0.13301992416381836
2176,0.13301992416381836
2177,0.13301992416381836
2178,0.3787185549736023
2179,0.16538006067276
2180,0.13301992416381836
2181,0.13301992416381836
2182,0.13301992416381836
2183,0.3430769443511963
2184,0.16686835885047913
2185,0.3882254362106323
2186,0.4513678252696991
2187,0.13301992416381836
2188,0.13301992416381836
2189,0.13301992416381836
2190,0.13301992416381836
2191,0.13301992416381836
2192,0.42581847310066223
2193,0.4632248282432556
2194,0.13301992416381836
2195,0.13301992416381836
2196,0.13301992416381836
2197,0.13301992416381836
2198,0.13301992416381836
2199,0.13301992416381836
2200,0.13301992416381836
2201,0.13301992416381836
2202,0.13301992416381836
2203,0.13301992416381836
2204,0.13301992416381836
2205,0.13301992416381836
2206,0.13301992416381836
2207,0.13301992416381836
2208,0.13301992416381836
2209,0.13301992416381836
2210,0.13301992416381836
2211,0.13301992416381836
2212,0.13301992416381836
2213,0.13301992416381836
2214,0.13301992416381836
2215,0.13301992416381836
2216,0.14158427715301514
2217,0.21499241888523102
2218,2.1237220764160156
2219,1.841536045074463
2220,2.1782946586608887
2221,1.6479578018188477
2222,1.9858680963516235
2223,2.6907224655151367
2224,1.5774859189987183
2225,0.613752007484436
2226,3.5401947498321533
2227,3.7775778770446777
2228,2.442484140396118
2229,1.435222864151001
2230,0.7882907390594482
2231,0.82224440574646
2232,1.4176297187805176
2233,1.8749890327453613
2234,2.0113673210144043
2235,1.329259991645813
2236,2.3034732341766357
2237,1.6713894605636597
2238,2.9077305793762207
2239,3.0458104610443115
2240,3.2396178245544434
2241,2.6966912746429443
2242,2.8904740810394287
2243,3.1784369945526123
2244,2.560849905014038
2245,1.5865507125854492
2246,2.289346933364868
2247,3.4961342811584473
2248,5.178722381591797
2249,3.4609639644622803
2250,1.725914716720581
2251,1.6223597526550293
2252,0.9487754702568054
2253,0.1854485720396042
2254,0.13301992416381836
2255,0.6182221174240112
2256,3.300050735473633
2257,5.6764607429504395
2258,0.13301992416381836
2259,0.13301992416381836
2260,0.13301992416381836
2261,0.13301992416381836
2262,0.13301992416381836
2263,0.13301992416381836
2264,0.13301992416381836
2265,0.13301992416381836
2266,0.13301992416381836
2267,0.13301992416381836
2268,0.13301992416381836
2269,0.13301992416381836
2270,0.13301992416381836
2271,0.13301992416381836
2272,0.13301992416381836
2273,0.13301992416381836
2274,0.13301992416381836
2275,0.13301992416381836
2276,0.13301992416381836
2277,0.13301992416381836
2278,0.13301992416381836
2279,0.13301992416381836
2280,0.13301992416381836
2281,0.13301992416381836
2282,0.13301992416381836
2283,0.13301992416381836
2284,0.13301992416381836
2285,0.13301992416381836
2286,0.13301992416381836
2287,0.13301992416381836
2288,0.13301992416381836
2289,0.13301992416381836
2290,4.070268154144287
2291,2.6979689598083496
2292,2.7038512229919434
2293,3.2566475868225098
2294,3.880077362060547
2295,2.5365991592407227
2296,4.98267936706543
2297,4.090607166290283
2298,2.9987452030181885
2299,4.483509063720703
2300,3.1468446254730225
2301,1.187525987625122
2302,0.4312813878059387
2303,0.13301992416381836
2304,0.13301992416381836
2305,0.13301992416381836
2306,3.0565757751464844
2307,3.657461166381836
2308,1.9908920526504517
2309,1.2173725366592407
2310,0.522500216960907
2311,0.13301992416381836
2312,1.7497800588607788
2313,1.1665412187576294
2314,0.4921620786190033
2315,0.6947779059410095
2316,0.9421454668045044
2317,0.7930604219436646
2318,1.2648557424545288
2319,0.6924751996994019
2320,0.5854101181030273
2321,3.869290590286255
2322,0.13301992416381836
2323,0.13301992416381836
2324,0.13301992416381836
2325,0.13301992416381836
2326,0.13301992416381836
2327,0.13301992416381836
2328,0.13301992416381836
2329,0.13301992416381836
2330,0.13301992416381836
2331,0.13301992416381836
2332,0.13301992416381836
2333,0.13301992416381836
2334,0.13301992416381836
2335,0.6296204328536987
2336,0.33635595440864563
2337,1.4669066667556763
2338,0.8914961814880371
2339,0.2172362506389618
2340,0.207720085978508
2341,0.13301992416381836
2342,0.13301992416381836
2343,0.13301992416381836
2344,0.13301992416381836
2345,0.5433521270751953
2346,0.2414439171552658
2347,0.13301992416381836
2348,0.13301992416381836
2349,0.13301992416381836
2350,0.13301992416381836
2351,0.13301992416381836
2352,0.13301992416381836
2353,0.13301992416381836
2354,0.13301992416381836
2355,0.13301992416381836
2356,0.13301992416381836
2357,0.13301992416381836
2358,0.13301992416381836
2359,0.958191990852356
2360,2.13187313079834
2361,2.442014217376709
2362,1.9107940196990967
2363,4.611882209777832
2364,4.418249607086182
2365,5.101306438446045
2366,5.746547698974609
2367,4.77351713180542
2368,2.407728672027588
2369,0.9950580596923828
2370,0.13301992416381836
2371,0.13301992416381836
2372,0.13301992416381836
2373,0.13301992416381836
2374,0.6052415370941162
2375,2.511335849761963
2376,3.7413766384124756
2377,2.3649368286132812
2378,4.121201992034912
2379,3.084934949874878
2380,3.5816590785980225
2381,2.284268856048584
2382,0.8364960551261902
2383,0.16138646006584167
2384,0.13301992416381836
2385,0.13301992416381836
2386,0.13301992416381836
2387,0.13301992416381836
2388,0.13301992416381836
2389,0.13301992416381836
2390,0.13301992416381836
2391,0.13301992416381836
2392,0.13301992416381836
2393,0.13301992416381836
2394,0.13301992416381836
2395,0.13301992416381836
2396,0.13301992416381836
2397,0.13301992416381836
2398,0.13301992416381836
2399,0.13301992416381836
2400,0.13301992416381836
2401,0.13301992416381836
2402,0.13301992416381836
2403,0.13301992416381836
2404,0.13301992416381836
2405,0.13301992416381836
2406,0.13301992416381836
2407,0.13301992416381836
2408,0.13301992416381836
2409,0.13301992416381836
2410,0.13301992416381836
2411,0.13301992416381836
2412,0.13301992416381836
2413,0.13301992416381836
2414,0.13301992416381836
2415,0.13301992416381836
2416,0.13301992416381836
2417,0.13301992416381836
2418,0.6373679637908936
2419,0.13301992416381836
2420,0.13301992416381836
2421,0.13301992416381836
2422,0.13301992416381836
2423,0.13301992416381836
2424,0.13301992416381836
2425,0.13301992416381836
2426,0.13301992416381836
2427,0.6856445074081421
2428,0.40204182267189026
2429,0.13301992416381836
2430,0.13301992416381836
2431,0.13301992416381836
2432,0.13301992416381836
2433,0.13301992416381836
2434,0.13301992416381836
2435,0.13301992416381836
2436,0.13301992416381836
2437,0.13301992416381836
2438,0.13301992416381836
2439,0.13301992416381836
2440,0.13301992416381836
2441,0.13301992416381836
2442,0.13301992416381836
2443,0.13301992416381836
2444,0.13301992416381836
2445,0.13301992416381836
2446,0.13301992416381836
2447,0.13301992416381836
2448,0.13301992416381836
2449,0.13301992416381836
2450,2.9958558082580566
2451,3.5176148414611816
2452,3.1026358604431152
2453,2.869952440261841
2454,1.690346598625183
2455,0.5635175704956055
2456,0.13301992416381836
2457,0.13301992416381836
2458,0.13301992416381836
2459,0.13301992416381836
2460,0.13301992416381836
2461,0.13301992416381836
2462,0.13301992416381836
2463,0.13301992416381836
2464,0.13301992416381836
2465,0.13301992416381836
2466,0.13301992416381836
2467,0.13301992416381836
2468,0.13301992416381836
2469,0.13301992416381836
2470,0.13301992416381836
2471,0.13301992416381836
2472,0.13301992416381836
2473,0.13301992416381836
2474,0.13301992416381836
2475,0.13301992416381836
2476,0.13301992416381836
2477,0.13301992416381836
2478,0.13301992416381836
2479,0.13301992416381836
2480,0.13301992416381836
2481,0.13301992416381836
2482,2.006291151046753
2483,2.63881254196167
2484,2.483126640319824
2485,2.937124252319336
2486,2.567429304122925
2487,3.9343602657318115
2488,3.063966751098633
2489,2.16119647026062
2490,1.7649842500686646
2491,2.7400903701782227
2492,1.6262286901474
2493,1.846224308013916
2494,3.01886248588562
2495,2.0350770950317383
2496,0.8542972207069397
2497,0.4025629758834839
2498,0.13301992416381836
2499,0.13301992416381836
2500,0.13301992416381836
2501,0.13301992416381836
2502,0.13301992416381836
2503,0.13301992416381836
2504,0.13301992416381836
2505,0.13301992416381836
2506,0.13301992416381836
2507,0.13301992416381836
2508,0.13301992416381836
2509,0.13301992416381836
2510,0.35176733136177063
2511,1.2400814294815063
2512,1.3509398698806763
2513,2.5358481407165527
2514,2.1146013736724854
2515,2.9133126735687256
2516,4.159989356994629
2517,3.4012291431427
2518,2.31256365776062
2519,3.5174760818481445
2520,5.687354564666748
2521,5.27048921585083
2522,3.35571026802063
2523,4.709290981292725
2524,4.331337928771973
2525,4.823591709136963
2526,6.602370738983154
2527,5.614927291870117
2528,6.5289506912231445
2529,4.963106632232666
2530,3.4604504108428955
2531,3.7564167976379395
2532,2.910287380218506
2533,1.6404539346694946
2534,2.5407681465148926
2535,2.316438674926758
2536,1.6197584867477417
2537,0.892523467540741
2538,1.756612777709961
2539,1.3778860569000244
2540,2.4494857788085938
2541,1.6346426010131836
2542,1.8132401704788208
2543,4.61591911315918
2544,3.8444459438323975
2545,4.718469142913818
2546,0.24487900733947754
2547,0.13301992416381836
2548,0.13301992416381836
2549,0.13301992416381836
2550,0.6428800225257874
2551,1.5834662914276123
2552,1.5978829860687256
2553,1.6185499429702759
2554,1.0258840322494507
2555,3.1069395542144775
2556,6.744165897369385
2557,6.431278705596924
2558,6.1908135414123535
2559,5.456643581390381
2560,3.545914888381958
2561,1.8069158792495728
2562,0.9787823557853699
2563,0.35101523995399475
2564,0.13301992416381836
2565,0.13301992416381836
2566,0.19966083765029907
2567,1.4886982440948486
2568,3.6958236694335938
2569,2.56622314453125
2570,4.226563930511475
2571,3.3367655277252197
2572,1.5586919784545898
2573,1.285414457321167
2574,1.0983953475952148
2575,1.2251940965652466
2576,1.8242108821868896
2577,2.74623703956604
2578,0.13301992416381836
2579,0.13301992416381836
2580,0.13301992416381836
2581,0.13301992416381836
2582,0.13301992416381836
2583,0.13301992416381836
2584,0.13301992416381836
2585,0.13301992416381836
2586,0.13301992416381836
2587,0.13301992416381836
2588,2.220442295074463
2589,1.6545073986053467
2590,0.5685830116271973
2591,0.20602072775363922
2592,0.3183658719062805
2593,0.13301992416381836
2594,0.13301992416381836
2595,0.13301992416381836
2596,0.13301992416381836
2597,0.13301992416381836
2598,0.13301992416381836
2599,0.13301992416381836
2600,0.13301992416381836
2601,0.13301992416381836
2602,0.13301992416381836
2603,0.13301992416381836
2604,0.13301992416381836
2605,0.13301992416381836
2606,0.13301992416381836
2607,0.13301992416381836
2608,0.8543899059295654
2609,0.5562877058982849
2610,0.21338549256324768
2611,0.13301992416381836
2612,0.13301992416381836
2613,0.13301992416381836
2614,0.13301992416381836
2615,0.13301992416381836
2616,0.13301992416381836
2617,0.13301992416381836
2618,0.13301992416381836
2619,0.13301992416381836
2620,0.13301992416381836
2621,0.13301992416381836
2622,0.13301992416381836
2623,0.13301992416381836
2624,0.13301992416381836
2625,0.13301992416381836
2626,0.13301992416381836
2627,0.13301992416381836
2628,0.13301992416381836
2629,0.13301992416381836
2630,0.13301992416381836
2631,0.13301992416381836
2632,0.13301992416381836
2633,0.13301992416381836
2634,0.13301992416381836
2635,0.13301992416381836
2636,0.13301992416381836
2637,0.13301992416381836
2638,0.13301992416381836
2639,0.13301992416381836
2640,0.13301992416381836
2641,0.13301992416381836
2642,2.6697306632995605
2643,1.7630785703659058
2644,0.8766524195671082
2645,0.3678053617477417
2646,1.3611280918121338
2647,1.6659016609191895
2648,0.8840301632881165
2649,0.6292378902435303
2650,0.6622670292854309
2651,0.4087320566177368
2652,0.13301992416381836
2653,0.13301992416381836
2654,0.13301992416381836
2655,0.13301992416381836
2656,0.13301992416381836
2657,0.13301992416381836
2658,0.13301992416381836
2659,0.13301992416381836
2660,0.13301992416381836
2661,0.13301992416381836
2662,0.13301992416381836
2663,0.13301992416381836
2664,0.13301992416381836
2665,0.3287150263786316
2666,0.13301992416381836
2667,0.13301992416381836
2668,0.13301992416381836
2669,0.13301992416381836
2670,0.13301992416381836
2671,0.13301992416381836
2672,0.13301992416381836
2673,0.13301992416381836
2674,0.13301992416381836
2675,0.13301992416381836
2676,0.13301992416381836
2677,0.13301992416381836
2678,0.13301992416381836
2679,0.13301992416381836
2680,0.13301992416381836
2681,0.13301992416381836
2682,0.13301992416381836
2683,0.13301992416381836
2684,0.13301992416381836
2685,0.13301992416381836
2686,0.13301992416381836
2687,0.13301992416381836
2688,0.13301992416381836
2689,0.13301992416381836
2690,0.13301992416381836
2691,0.13301992416381836
2692,0.13301992416381836
2693,0.13301992416381836
2694,0.13301992416381836
2695,0.13301992416381836
2696,0.13301992416381836
2697,0.13301992416381836
2698,0.13301992416381836
2699,0.13301992416381836
2700,0.13301992416381836
2701,0.13301992416381836
2702,0.13301992416381836
2703,0.13301992416381836
2704,0.13301992416381836
2705,0.13301992416381836
2706,0.13301992416381836
2707,0.13301992416381836
2708,0.13301992416381836
2709,0.13301992416381836
2710,0.13301992416381836
2711,0.13301992416381836
2712,0.13301992416381836
2713,0.13301992416381836
2714,0.13301992416381836
2715,0.13301992416381836
2716,0.13301992416381836
2717,0.13301992416381836
2718,0.13301992416381836
2719,0.13301992416381836
2720,0.13301992416381836
2721,0.13301992416381836
2722,0.13301992416381836
2723,0.13301992416381836
2724,0.13301992416381836
2725,0.13301992416381836
2726,0.13301992416381836
2727,0.13301992416381836
2728,0.13301992416381836
2729,0.13301992416381836
2730,0.26551735401153564
2731,0.13301992416381836
2732,0.13301992416381836
2733,0.13301992416381836
2734,0.13301992416381836
2735,0.13301992416381836
2736,1.3447309732437134
2737,0.8457719683647156
2738,0.20391717553138733
2739,0.13301992416381836
2740,0.13301992416381836
2741,0.13301992416381836
2742,0.13301992416381836
2743,0.13301992416381836
2744,0.13301992416381836
2745,0.13301992416381836
2746,0.13301992416381836
2747,0.13301992416381836
2748,0.13301992416381836
2749,0.13301992416381836
2750,0.13301992416381836
2751,0.13301992416381836
2752,0.13301992416381836
2753,0.13301992416381836
2754,0.13301992416381836
2755,0.13301992416381836
2756,0.13301992416381836
2757,0.13301992416381836
2758,0.13301992416381836
2759,0.13301992416381836
2760,0.13301992416381836
2761,0.13301992416381836
2762,0.13301992416381836
2763,0.13301992416381836
2764,0.13301992416381836
2765,0.13301992416381836
2766,0.13301992416381836
2767,0.13301992416381836
2768,0.13301992416381836
2769,0.13301992416381836
2770,0.13301992416381836
2771,1.6277536153793335
2772,1.1816864013671875
2773,0.5125546455383301
2774,0.2895520329475403
2775,0.13301992416381836
2776,0.13301992416381836
2777,0.13301992416381836
2778,0.13301992416381836
2779,0.13301992416381836
2780,0.13301992416381836
2781,0.13301992416381836
2782,0.13301992416381836
2783,0.13301992416381836
2784,0.13301992416381836
2785,0.13301992416381836
2786,0.13301992416381836
2787,0.13301992416381836
2788,0.13301992416381836
2789,0.13301992416381836
2790,0.13301992416381836
2791,0.13301992416381836
2792,0.13301992416381836
2793,0.13301992416381836
2794,0.13301992416381836
2795,0.13301992416381836
2796,0.13301992416381836
2797,0.13301992416381836
2798,0.13301992416381836
2799,0.13301992416381836
2800,0.13301992416381836
2801,0.13301992416381836
2802,0.13301992416381836
2803,0.13301992416381836
2804,0.13301992416381836
2805,0.13301992416381836
2806,0.13301992416381836
2807,0.13301992416381836
2808,0.13301992416381836
2809,0.13301992416381836
2810,0.13301992416381836
2811,4.059305191040039
2812,3.6097352504730225
2813,3.5954387187957764
2814,3.672088623046875
2815,2.9803202152252197
2816,2.5698866844177246
2817,1.9546724557876587
2818,1.456551432609558
2819,1.593705415725708
2820,2.2155954837799072
2821,1.7549779415130615
2822,1.5266940593719482
2823,2.422508716583252
2824,2.3989040851593018
2825,2.0868282318115234
2826,2.524143934249878
2827,2.2407681941986084
2828,1.1474759578704834
2829,0.46224498748779297
2830,0.15724335610866547
2831,0.7792389988899231
2832,3.2663135528564453
2833,3.0100936889648438
2834,2.662876605987549
2835,3.832878351211548
2836,3.5257973670959473
2837,2.1622421741485596
2838,2.225172758102417
2839,3.3956103324890137
2840,3.7701947689056396
2841,2.7083241939544678
2842,2.027622938156128
2843,0.13301992416381836
2844,0.13301992416381836
2845,0.13301992416381836
2846,0.13301992416381836
2847,0.13301992416381836
2848,0.13301992416381836
2849,0.13301992416381836
2850,0.13301992416381836
2851,0.13301992416381836
2852,0.13301992416381836
2853,0.13301992416381836
2854,0.13301992416381836
2855,0.13301992416381836
2856,0.13301992416381836
2857,0.13301992416381836
2858,0.13301992416381836
2859,0.13301992416381836
2860,0.13301992416381836
2861,0.13301992416381836
2862,0.13301992416381836
2863,0.13301992416381836
2864,0.13301992416381836
2865,0.13301992416381836
2866,0.13301992416381836
2867,0.13301992416381836
2868,0.13301992416381836
2869,0.13301992416381836
2870,0.13301992416381836
2871,0.13301992416381836
2872,0.13301992416381836
2873,0.13301992416381836
2874,0.13301992416381836
2875,5.810508728027344
2876,4.969048500061035
2877,5.771892547607422
2878,6.25919771194458
2879,3.9613254070281982
2880,3.741551160812378
2881,3.4005074501037598
2882,2.2538468837738037
2883,1.8585045337677002
2884,3.163508415222168
2885,3.669053792953491
2886,4.697447776794434
2887,4.579341888427734
2888,4.517681121826172
2889,3.6283373832702637
2890,4.1857404708862305
2891,3.4069652557373047
2892,2.455700397491455
2893,1.8172575235366821
2894,3.370532512664795
2895,3.1069724559783936
2896,2.5702760219573975
2897,2.5955970287323
2898,1.9155970811843872
2899,1.37071692943573
2900,1.3872779607772827
2901,1.2325475215911865
2902,1.1503170728683472
2903,1.7747688293457031
2904,2.8411037921905518
2905,3.63006591796875
2906,3.1641693115234375
2907,0.13301992416381836
2908,0.13301992416381836
2909,0.13301992416381836
2910,0.13301992416381836
2911,0.13301992416381836
2912,0.13301992416381836
2913,0.13301992416381836
2914,0.13301992416381836
2915,0.13301992416381836
2916,0.7866594195365906
2917,0.8486446738243103
2918,0.6396788358688354
2919,0.47648850083351135
2920,1.9355238676071167
2921,3.2291040420532227
2922,2.1774117946624756
2923,2.648362874984741
2924,2.0359277725219727
2925,1.7911782264709473
2926,3.9407622814178467
2927,2.798701763153076
2928,1.2486026287078857
2929,0.637591540813446
2930,0.367668479681015
2931,1.8194832801818848
2932,2.3310511112213135
2933,1.9144264459609985
2934,1.1214147806167603
2935,1.1971675157546997
2936,0.5311018824577332
2937,0.13301992416381836
2938,0.13301992416381836
2939,2.845036268234253
2940,2.5509345531463623
2941,3.6459767818450928
2942,3.600390911102295
2943,3.015207529067993
2944,2.6092276573181152
2945,1.8811932802200317
2946,1.7560302019119263
2947,1.2962048053741455
2948,0.613616943359375
2949,0.7919198274612427
2950,1.1221990585327148
2951,1.8999066352844238
2952,1.6690642833709717
2953,1.1829394102096558
2954,0.8786320686340332
2955,0.8347864151000977
2956,0.6973174810409546
2957,1.954079270362854
2958,2.433640956878662
2959,1.8970016241073608
2960,1.8900818824768066
2961,1.5322474241256714
2962,0.9948148131370544
2963,1.9164897203445435
2964,1.205100417137146
2965,0.46891269087791443
2966,0.6784282922744751
2967,0.5074352622032166
2968,2.3436131477355957
2969,2.2664482593536377
2970,1.7594037055969238
2971,0.13301992416381836
2972,0.13301992416381836
2973,0.13301992416381836
2974,0.13301992416381836
2975,0.13301992416381836
2976,0.13301992416381836
2977,0.13301992416381836
2978,0.13301992416381836
2979,0.13301992416381836
2980,0.13301992416381836
2981,0.13301992416381836
2982,0.13301992416381836
2983,0.13301992416381836
2984,0.13301992416381836
2985,0.13301992416381836
2986,0.13301992416381836
2987,0.13301992416381836
2988,0.13301992416381836
2989,0.13301992416381836
2990,0.13301992416381836
2991,0.13301992416381836
2992,0.13301992416381836
2993,0.13301992416381836
2994,0.13301992416381836
2995,0.13301992416381836
2996,0.13301992416381836
2997,0.13301992416381836
2998,0.13301992416381836
2999,0.13301992416381836
3000,0.13301992416381836
3001,0.13301992416381836
3002,0.13301992416381836
3003,0.13301992416381836
3004,0.13301992416381836
3005,0.13301992416381836
3006,0.13301992416381836
3007,0.13301992416381836
3008,0.13301992416381836
3009,0.13301992416381836
3010,0.13301992416381836
3011,0.13301992416381836
3012,0.13301992416381836
3013,0.13301992416381836
3014,0.13301992416381836
3015,0.13301992416381836
3016,0.13301992416381836
3017,0.13301992416381836
3018,0.13301992416381836
3019,0.13301992416381836
3020,0.13301992416381836
3021,0.13301992416381836
3022,0.13301992416381836
3023,0.13301992416381836
3024,0.13301992416381836
3025,0.13301992416381836
3026,0.13301992416381836
3027,0.13301992416381836
3028,0.13301992416381836
3029,0.13301992416381836
3030,0.13301992416381836
3031,0.13301992416381836
3032,0.13301992416381836
3033,0.13301992416381836
3034,0.13301992416381836
3035,2.806302309036255
3036,2.366818428039551
3037,3.297334671020508
3038,3.351516008377075
3039,2.199462652206421
3040,1.3792693614959717
3041,0.9412230253219604
3042,0.6245753765106201
3043,0.7982101440429688
3044,0.9514546394348145
3045,0.7475030422210693
3046,1.075593113899231
3047,2.2134861946105957
3048,1.7477409839630127
3049,1.340222716331482
3050,1.194667100906372
3051,1.1272335052490234
3052,0.631095290184021
3053,0.6131625175476074
3054,1.4320273399353027
3055,0.9789912104606628
3056,0.8448585867881775
3057,0.8813669085502625
3058,0.8346620202064514
3059,1.692748785018921
3060,1.4322712421417236
3061,1.0774250030517578
3062,1.2214884757995605
3063,1.2691519260406494
3064,1.963167428970337
3065,1.4403630495071411
3066,1.6549997329711914
3067,0.13301992416381836
3068,0.13301992416381836
3069,0.13301992416381836
3070,0.13301992416381836
3071,0.13301992416381836
3072,0.13301992416381836
3073,0.13301992416381836
3074,0.13301992416381836
3075,0.13301992416381836
3076,0.32422274351119995
3077,0.5667410492897034
3078,1.008026361465454
3079,0.596966028213501
3080,0.2673202157020569
3081,0.287589430809021
3082,0.13301992416381836
3083,0.13301992416381836
3084,0.13301992416381836
3085,0.13301992416381836
3086,0.13301992416381836
3087,0.13301992416381836
3088,0.13301992416381836
3089,0.13301992416381836
3090,0.13301992416381836
3091,2.2474894523620605
3092,1.6070170402526855
3093,0.7118093967437744
3094,0.4682886302471161
3095,0.14529533684253693
3096,0.13301992416381836
3097,0.13301992416381836
3098,0.13301992416381836
3099,4.219314098358154
3100,3.294795513153076
3101,2.9835541248321533
3102,2.9919605255126953
3103,2.085218667984009
3104,1.7110531330108643
3105,0.921065628528595
3106,0.8937628269195557
3107,0.9238263964653015
3108,0.7009672522544861
3109,2.206899404525757
3110,4.5648603439331055
3111,3.9446513652801514
3112,2.116375207901001
3113,1.0207171440124512
3114,0.23639926314353943
3115,0.13301992416381836
3116,0.18766796588897705
3117,4.401119709014893
3118,6.605286121368408
3119,5.411644458770752
3120,3.880044937133789
3121,2.4698197841644287
3122,3.0700435638427734
3123,4.571137428283691
3124,5.119339942932129
3125,3.9913675785064697
3126,3.3189287185668945
3127,2.4353597164154053
3128,3.830939292907715
3129,5.182778835296631
3130,6.556632995605469
3131,3.5646309852600098
3132,2.653991937637329
3133,3.3638479709625244
3134,3.5081143379211426
3135,2.4865543842315674
3136,3.131713628768921
3137,3.7237401008605957
3138,2.579838275909424
3139,1.8424038887023926
3140,1.5745534896850586
3141,0.7422602772712708
3142,1.137136697769165
3143,2.4678289890289307
3144,2.2180464267730713
3145,1.1707769632339478
3146,0.8401000499725342
3147,0.8007845878601074
3148,0.9266907572746277
3149,2.161511182785034
3150,3.923280715942383
3151,3.570674419403076
3152,2.280857563018799
3153,1.5694456100463867
3154,1.2569488286972046
3155,0.4980221688747406
3156,0.8251222968101501
3157,0.6515563726425171
3158,0.762298583984375
3159,1.1323184967041016
3160,2.9485037326812744
3161,3.293036460876465
3162,3.6660845279693604
3163,0.13301992416381836
3164,0.13301992416381836
3165,0.7740544676780701
3166,0.5709702372550964
3167,0.277097225189209
3168,0.9730364680290222
3169,1.2273207902908325
3170,2.6050901412963867
3171,2.0432257652282715
3172,1.687171459197998
3173,0.8803179860115051
3174,0.39698049426078796
3175,1.0469350814819336
3176,0.8496968746185303
3177,0.9392290711402893
3178,2.1972696781158447
3179,1.6262379884719849
3180,0.6233668327331543
3181,0.20463800430297852
3182,0.13301992416381836
3183,0.13301992416381836
3184,0.13301992416381836
3185,0.13301992416381836
3186,0.13301992416381836
3187,0.13301992416381836
3188,0.13301992416381836
3189,0.13301992416381836
3190,0.13301992416381836
3191,0.13301992416381836
3192,0.13301992416381836
3193,0.13301992416381836
3194,0.13301992416381836
3195,3.157102108001709
3196,2.2398626804351807
3197,1.2545477151870728
3198,1.7330105304718018
3199,1.6561517715454102
3200,1.3274670839309692
3201,1.6054214239120483
3202,3.1584534645080566
3203,2.222485303878784
3204,1.0961706638336182
3205,0.7916805744171143
3206,1.4134055376052856
3207,2.5502395629882812
3208,1.559266448020935
3209,0.8234838843345642
3210,1.8947398662567139
3211,2.7797999382019043
3212,1.4828319549560547
3213,0.6074787378311157
3214,0.2125021517276764
3215,0.13301992416381836
3216,0.13301992416381836
3217,0.13301992416381836
3218,0.13301992416381836
3219,0.13301992416381836
3220,0.13301992416381836
3221,0.13301992416381836
3222,0.13301992416381836
3223,0.13301992416381836
3224,0.13301992416381836
3225,0.13301992416381836
3226,0.13301992416381836
3227,0.13301992416381836
3228,0.13301992416381836
3229,0.13301992416381836
3230,0.13301992416381836
3231,0.13301992416381836
3232,0.13301992416381836
3233,0.13301992416381836
3234,0.13301992416381836
3235,0.13301992416381836
3236,0.13301992416381836
3237,0.13301992416381836
3238,0.13301992416381836
3239,0.13301992416381836
3240,0.13301992416381836
3241,0.13301992416381836
3242,0.13301992416381836
3243,0.13301992416381836
3244,0.13301992416381836
3245,0.13301992416381836
3246,0.13301992416381836
3247,0.13301992416381836
3248,0.13301992416381836
3249,0.13301992416381836
3250,0.13301992416381836
3251,0.13301992416381836
3252,0.13301992416381836
3253,0.13301992416381836
3254,0.13301992416381836
3255,0.13301992416381836
3256,0.13301992416381836
3257,0.13301992416381836
3258,0.13301992416381836
3259,6.0344719886779785
3260,5.977377414703369
3261,7.161259174346924
3262,7.239607334136963
3263,4.133319854736328
3264,3.0803136825561523
3265,5.366837978363037
3266,5.510570526123047
3267,5.386082172393799
3268,5.1790361404418945
3269,4.352413177490234
3270,3.307548999786377
3271,4.87178373336792
3272,3.5803112983703613
3273,3.2432267665863037
3274,3.7887909412384033
3275,2.755873441696167
3276,1.369672179222107
3277,3.627227544784546
3278,7.486534118652344
3279,6.408120632171631
3280,5.673835277557373
3281,5.022085189819336
3282,4.29803991317749
3283,6.378265380859375
3284,6.681601524353027
3285,4.665338039398193
3286,5.904256820678711
3287,4.24525785446167
3288,3.6300501823425293
3289,2.9558584690093994
3290,4.615726470947266
3291,1.7719136476516724
3292,0.8710846900939941
3293,0.18798185884952545
3294,0.13301992416381836
3295,0.13301992416381836
3296,0.13301992416381836
3297,0.13301992416381836
3298,0.13301992416381836
3299,0.13301992416381836
3300,0.13301992416381836
3301,0.13301992416381836
3302,0.13301992416381836
3303,0.13301992416381836
3304,0.13301992416381836
3305,0.13301992416381836
3306,0.13301992416381836
3307,0.13301992416381836
3308,0.13301992416381836
3309,0.13301992416381836
3310,0.13301992416381836
3311,0.13301992416381836
3312,0.13301992416381836
3313,0.13301992416381836
3314,0.13301992416381836
3315,0.13301992416381836
3316,0.13301992416381836
3317,0.13301992416381836
3318,0.13301992416381836
3319,0.13301992416381836
3320,0.13301992416381836
3321,0.13301992416381836
3322,0.13301992416381836
3323,0.13301992416381836
3324,0.13301992416381836
3325,0.13301992416381836
3326,0.13301992416381836
3327,0.13301992416381836
3328,0.13301992416381836
3329,0.13301992416381836
3330,0.13301992416381836
3331,0.13301992416381836
3332,0.13301992416381836
3333,0.7849817872047424
3334,0.810920238494873
3335,1.6112003326416016
3336,1.2963931560516357
3337,1.701790452003479
3338,1.4612467288970947
3339,0.6553474068641663
3340,0.13301992416381836
3341,0.13301992416381836
3342,0.13301992416381836
3343,0.13301992416381836
3344,0.13301992416381836
3345,0.13301992416381836
3346,0.13301992416381836
3347,1.182926058769226
3348,0.737564742565155
3349,0.15039631724357605
3350,0.13301992416381836
3351,0.13301992416381836
3352,1.5235704183578491
3353,1.0138356685638428
3354,0.27554476261138916
3355,0.13301992416381836
3356,0.13301992416381836
3357,0.13301992416381836
3358,0.13301992416381836
3359,0.13301992416381836
3360,0.13301992416381836
3361,0.13301992416381836
3362,0.13301992416381836
3363,0.13301992416381836
3364,0.13301992416381836
3365,0.13301992416381836
3366,0.13301992416381836
3367,0.13301992416381836
3368,0.13301992416381836
3369,0.13301992416381836
3370,0.13301992416381836
3371,0.13301992416381836
3372,0.13301992416381836
3373,0.13301992416381836
3374,0.13301992416381836
3375,0.13301992416381836
3376,0.13301992416381836
3377,0.13301992416381836
3378,0.13301992416381836
3379,0.13301992416381836
3380,0.13301992416381836
3381,0.13301992416381836
3382,0.13301992416381836
3383,0.13301992416381836
3384,0.13301992416381836
3385,0.13301992416381836
3386,0.13301992416381836
3387,3.0845794677734375
3388,2.855238437652588
3389,3.8066394329071045
3390,3.9407095909118652
3391,2.5171167850494385
3392,1.3240821361541748
3393,1.4193196296691895
3394,1.081839919090271
3395,1.210347056388855
3396,0.8735654950141907
3397,0.8046208620071411
3398,1.1567720174789429
3399,2.1348884105682373
3400,2.1828958988189697
3401,1.823054313659668
3402,1.2695233821868896
3403,0.9532468914985657
3404,1.5780237913131714
3405,1.8272180557250977
3406,2.150756597518921
3407,2.0342745780944824
3408,1.5985273122787476
3409,1.2530704736709595
3410,1.0900245904922485
3411,0.6324033737182617
3412,1.0729355812072754
3413,0.8039833903312683
3414,1.0472649335861206
3415,1.3551222085952759
3416,1.8608453273773193
3417,1.2079743146896362
3418,0.8555269241333008
3419,3.411870002746582
3420,3.2289023399353027
3421,3.9659652709960938
3422,3.863962411880493
3423,3.2508208751678467
3424,2.8753204345703125
3425,2.169813871383667
3426,1.4819129705429077
3427,0.7734934687614441
3428,0.5728379487991333
3429,0.6894875168800354
3430,0.5467692017555237
3431,1.6459412574768066
3432,1.3836872577667236
3433,1.4230257272720337
3434,2.032496690750122
3435,1.707102656364441
3436,1.2983319759368896
3437,3.5647618770599365
3438,6.281778812408447
3439,5.458264350891113
3440,4.209926128387451
3441,2.8193750381469727
3442,2.6745803356170654
3443,1.5817224979400635
3444,1.1523085832595825
3445,1.1693483591079712
3446,1.3182533979415894
3447,2.1980466842651367
3448,4.223718166351318
3449,3.4473373889923096
3450,2.648800849914551
3451,4.6687517166137695
3452,3.802539587020874
3453,5.930610656738281
3454,5.314071178436279
3455,3.0316879749298096
3456,1.8572832345962524
3457,2.2055928707122803
3458,1.6197400093078613
3459,0.7305372953414917
3460,0.2713422179222107
3461,0.13301992416381836
3462,0.13301992416381836
3463,1.8086310625076294
3464,2.1015443801879883
3465,1.7001063823699951
3466,1.1611433029174805
3467,1.4032161235809326
3468,1.2023049592971802
3469,0.9634943604469299
3470,2.571037530899048
3471,2.140411138534546
3472,1.928430199623108
3473,1.8204480409622192
3474,1.35137140750885
3475,0.613979697227478
3476,0.6684442758560181
3477,1.4046915769577026
3478,0.8947241902351379
3479,0.996622622013092
3480,2.2004449367523193
3481,3.4104483127593994
3482,2.8835742473602295
3483,1.6061525344848633
3484,1.5026707649230957
3485,0.6224967241287231
3486,0.13301992416381836
3487,0.13301992416381836
3488,0.13301992416381836
3489,0.13301992416381836
3490,0.46317362785339355
3491,0.5095620155334473
3492,0.7645949125289917
3493,0.37789130210876465
3494,0.13301992416381836
3495,0.13301992416381836
3496,0.13301992416381836
3497,0.13301992416381836
3498,0.3358159065246582
3499,0.1332702785730362
3500,0.4615870416164398
3501,0.16773754358291626
3502,0.13301992416381836
3503,0.13301992416381836
3504,1.8838099241256714
3505,1.4646821022033691
3506,0.6629565358161926
3507,1.6281137466430664
3508,0.992053210735321
3509,0.6480180621147156
3510,0.33112019300460815
3511,0.13301992416381836
3512,0.13301992416381836
3513,0.13301992416381836
3514,0.13301992416381836
3515,0.13301992416381836
3516,0.13301992416381836
3517,0.13301992416381836
3518,0.13301992416381836
3519,0.13301992416381836
3520,0.13301992416381836
3521,0.13301992416381836
3522,0.13301992416381836
3523,0.13301992416381836
3524,0.13301992416381836
3525,0.13301992416381836
3526,0.13301992416381836
3527,0.13301992416381836
3528,0.13301992416381836
3529,0.13301992416381836
3530,0.13301992416381836
3531,0.13301992416381836
3532,0.3644089102745056
3533,0.8863993883132935
3534,2.7823026180267334
3535,3.9339590072631836
3536,3.3290674686431885
3537,2.687278985977173
3538,1.8378013372421265
3539,3.511544942855835
3540,3.0058469772338867
3541,1.623461127281189
3542,1.4077012538909912
3543,1.3934115171432495
3544,2.888683557510376
3545,2.0581047534942627
3546,1.7800381183624268
3547,0.13301992416381836
3548,0.13301992416381836
3549,0.13301992416381836
3550,0.13301992416381836
3551,0.13301992416381836
3552,0.13301992416381836
3553,0.13301992416381836
3554,0.13301992416381836
3555,0.13301992416381836
3556,0.13301992416381836
3557,0.13301992416381836
3558,0.13301992416381836
3559,0.13301992416381836
3560,0.13301992416381836
3561,0.13301992416381836
3562,0.13301992416381836
3563,0.13301992416381836
3564,0.13301992416381836
3565,0.13301992416381836
3566,0.13301992416381836
3567,0.13301992416381836
3568,0.13301992416381836
3569,0.13301992416381836
3570,0.13301992416381836
3571,0.13301992416381836
3572,0.13301992416381836
3573,0.13301992416381836
3574,0.13301992416381836
3575,0.13301992416381836
3576,0.13301992416381836
3577,0.13301992416381836
3578,0.13301992416381836
3579,0.13301992416381836
3580,0.13301992416381836
3581,0.13301992416381836
3582,0.13301992416381836
3583,0.13301992416381836
3584,0.13301992416381836
3585,0.13301992416381836
3586,0.13301992416381836
3587,0.13301992416381836
3588,0.13301992416381836
3589,0.13301992416381836
3590,0.13301992416381836
3591,0.13301992416381836
3592,0.13301992416381836
3593,0.13301992416381836
3594,0.13301992416381836
3595,0.13301992416381836
3596,0.13301992416381836
3597,0.13301992416381836
3598,0.13301992416381836
3599,0.13301992416381836
3600,0.13301992416381836
3601,0.13301992416381836
3602,0.13301992416381836
3603,0.13301992416381836
3604,0.13301992416381836
3605,0.13301992416381836
3606,0.13301992416381836
3607,0.13301992416381836
3608,0.13301992416381836
3609,0.13301992416381836
3610,0.13301992416381836
3611,0.13301992416381836
3612,0.13301992416381836
3613,0.13301992416381836
3614,0.13301992416381836
3615,0.13301992416381836
3616,0.13301992416381836
3617,0.13301992416381836
3618,0.13301992416381836
3619,0.13301992416381836
